{
  "train_losses": [
    0.09773847935038146,
    0.06258826375698412,
    0.053701430876006304,
    0.04803266553273032,
    0.04229449296699769,
    0.03660553566261599,
    0.030857658579474635,
    0.024047062475527355,
    0.01799838554093375,
    0.01290386772747941,
    0.010768082512581583,
    0.008167639279433968,
    0.00763997765529653,
    0.007131335878877335,
    0.00243043592310721,
    0.0013390549395768986,
    0.0017929404347382277,
    0.0014255233160156528,
    0.0015998252660422577,
    0.0016488670142101912,
    0.00039497907018688446,
    4.139872688145117e-05,
    0.00013396630893696177,
    2.095720168721194e-05,
    0.00035684914847067663,
    0.0002905440905823352,
    0.0003068519217806437,
    1.5761133879508933e-05,
    1.082099504439212e-05,
    4.457213602552758e-06,
    0.00011264289198487542,
    4.351894763092574e-06,
    1.3968991072836374e-06,
    1.9318171913090273e-06,
    2.836614680461933e-07,
    2.356161186640629e-07,
    2.3300168102782248e-07,
    6.055963139226898e-08,
    1.3559355109238927e-07,
    1.0892146495941567e-07,
    2.850374634128871e-08,
    9.855650226138604e-08,
    2.2498028165884418e-08,
    9.79520493252364e-09,
    1.4887334166825121e-08,
    1.1699586216288837e-08,
    6.603478601790939e-09,
    1.1561716938509574e-08,
    5.798026834660544e-09,
    4.946557271460589e-09
  ],
  "val_losses": [
    0.28037106241420456,
    0.28776694518097923,
    0.23366219508683464,
    0.18425476717285677,
    0.22991172691550696,
    0.24239374872921543,
    0.24127982218201835,
    0.17754014085635483,
    0.3000539525412485,
    0.3236899799634535,
    0.34605521210657203,
    0.2775194438229365,
    0.19854390638455988,
    0.23505746143952713,
    0.37973471669332315,
    0.36950456296182205,
    0.3682983236244791,
    0.35220465426738534,
    0.3212915679089723,
    0.3328081545771429,
    0.3744405690017868,
    0.3995208574999266,
    0.48366150718703993,
    0.5381987776861901,
    0.5638752099307074,
    0.6301855922528802,
    0.5234706346747926,
    0.5096810983232273,
    0.537982046284547,
    0.5630335962050645,
    0.5370232067515753,
    0.528800984808109,
    0.5663722256899987,
    0.6597996813842854,
    0.6411306590137744,
    0.6532493548568994,
    0.64408672082478,
    0.6681241327207218,
    0.6718376953655073,
    0.6725708341489441,
    0.6516815410496231,
    0.7387249739038075,
    0.686248751609839,
    0.7501434744804979,
    0.7693223555708116,
    0.7119740352885056,
    0.6939301310007474,
    0.6905900265397374,
    0.7088317568231886,
    0.664092670002097
  ],
  "train_accs": [
    96.82454522592003,
    98.00486210076285,
    98.28485204124402,
    98.50113169586722,
    98.66543716992204,
    98.8414787492665,
    99.00578422332131,
    99.21200435912482,
    99.38469276552938,
    99.57247045016346,
    99.6127085254422,
    99.70659736775924,
    99.73509933774834,
    99.7619247212675,
    99.92455360885238,
    99.95808533825132,
    99.94131947355184,
    99.9463492329617,
    99.95640875178137,
    99.94802581943163,
    99.98323413530053,
    100.0,
    99.99497024059016,
    100.0,
    99.98491072177048,
    99.98658730824042,
    99.99161706765027,
    100.0,
    100.0,
    100.0,
    99.99497024059016,
    100.0,
    100.0,
    100.0,
    100.0,
    100.0,
    100.0,
    100.0,
    100.0,
    100.0,
    100.0,
    100.0,
    100.0,
    100.0,
    100.0,
    100.0,
    100.0,
    100.0,
    100.0,
    100.0
  ],
  "val_accs": [
    94.90726186733731,
    94.19679346117573,
    96.8248978308708,
    96.76831185161899,
    95.35994970135178,
    95.84407419050613,
    97.31530965105313,
    97.02609242376612,
    97.35932096824898,
    97.03237975479409,
    96.3847846589123,
    97.09525306507388,
    96.93806978937441,
    96.8814838101226,
    97.12040238918578,
    96.92549512731846,
    97.46620559572462,
    96.96321911348633,
    96.8814838101226,
    96.63627790003143,
    96.76831185161899,
    97.08267840301792,
    97.10782772712983,
    97.00723043068217,
    96.62370323797548,
    96.97579377554229,
    97.07639107198995,
    97.19585036152154,
    97.18956303049356,
    97.16441370638164,
    97.23986167871739,
    97.21471235460547,
    97.22728701666142,
    97.16441370638164,
    97.16441370638164,
    97.17698836843759,
    97.19585036152154,
    97.22728701666142,
    97.15812637535366,
    97.18327569946558,
    97.2650110028293,
    97.0889657340459,
    97.18327569946558,
    97.09525306507388,
    97.10154039610185,
    97.21471235460547,
    97.20213769254951,
    97.20842502357749,
    97.16441370638164,
    97.2650110028293
  ],
  "metadata": {
    "model_config": {
      "architecture": "ResNet18",
      "num_classes": 2,
      "input_channels": 1,
      "input_shape": [
        63,
        53
      ]
    },
    "spec_config": {
      "rate": "4000 Hz",
      "window": "0.06 s",
      "step": "0.008 s",
      "freq_min": "0 Hz",
      "freq_max": "800 Hz",
      "window_func": "hann",
      "duration": "0.5 s",
      "type": "MagSpectrogram",
      "denoiser": [
        {
          "name": "median_equalizer",
          "window_duration_sec": 3
        }
      ]
    },
    "training_config": {
      "batch_size": 32,
      "learning_rate": 0.001,
      "num_epochs": 50,
      "optimizer": "Adam",
      "loss_function": "CrossEntropyLoss"
    },
    "normalization": {
      "enabled": true,
      "mean": 2.5575003623962402,
      "std": 4.222128868103027
    }
  }
}